[{"model": "inventorymanager.supplier", "pk": 2, "fields": {"name": "HAC ltd", "contact_name": "Sam Smith", "contact_email": "sam@email.com", "contact_phone": "4778556699"}}, {"model": "inventorymanager.supplier", "pk": 3, "fields": {"name": "Tech 4 All ltd", "contact_name": "Jane Doe", "contact_email": "jd2@email.com.uk ", "contact_phone": "5286633-7"}}, {"model": "inventorymanager.category", "pk": 1, "fields": {"name": "Electronics", "description": "Electronics"}}, {"model": "inventorymanager.category", "pk": 23, "fields": {"name": "Fashion", "description": "Fashion Clothing"}}, {"model": "inventorymanager.category", "pk": 24, "fields": {"name": "Wearables", "description": "Smartwatches, Fitness trackers, Smart earbuds"}}, {"model": "inventorymanager.customer", "pk": 1, "fields": {"first_name": "Lana", "last_name": "Del Rey", "email": "", "phone": ""}}, {"model": "inventorymanager.customer", "pk": 2, "fields": {"first_name": "Will", "last_name": "Smith", "email": "", "phone": ""}}, {"model": "inventorymanager.customer", "pk": 3, "fields": {"first_name": "Anna", "last_name": "Willis", "email": "michael79@example.net", "phone": "(677)476-6117"}}, {"model": "inventorymanager.customer", "pk": 4, "fields": {"first_name": "Allison", "last_name": "Cunningham", "email": "jenniferhardy@example.com", "phone": "622.725.0942"}}, {"model": "inventorymanager.customer", "pk": 5, "fields": {"first_name": "Jason", "last_name": "Osborne", "email": "narmstrong@example.net", "phone": "999-874-3565x29"}}, {"model": "inventorymanager.customer", "pk": 6, "fields": {"first_name": "Sharon", "last_name": "Hodges", "email": "gmcfarland@example.org", "phone": "+1-306-655-1250"}}, {"model": "inventorymanager.customer", "pk": 7, "fields": {"first_name": "Jon", "last_name": "Thomas", "email": "glennsean@example.org", "phone": "(263)820-8544x6"}}, {"model": "inventorymanager.customer", "pk": 8, "fields": {"first_name": "Sean", "last_name": "Flores", "email": "wholloway@example.org", "phone": "788-577-1682"}}, {"model": "inventorymanager.customer", "pk": 9, "fields": {"first_name": "Lucas", "last_name": "Mckay", "email": "brian82@example.com", "phone": "(620)707-9461x2"}}, {"model": "inventorymanager.customer", "pk": 10, "fields": {"first_name": "Dalton", "last_name": "Banks", "email": "fharris@example.com", "phone": "982-755-3389"}}, {"model": "inventorymanager.customer", "pk": 11, "fields": {"first_name": "Misty", "last_name": "Mclean", "email": "todddustin@example.org", "phone": "992.482.7451x18"}}, {"model": "inventorymanager.customer", "pk": 12, "fields": {"first_name": "Luis", "last_name": "Christian", "email": "patrickdaniels@example.org", "phone": "(352)534-4529"}}, {"model": "inventorymanager.customer", "pk": 13, "fields": {"first_name": "Whitney", "last_name": "Jones", "email": "john47@example.com", "phone": "545.710.3476x06"}}, {"model": "inventorymanager.customer", "pk": 14, "fields": {"first_name": "Donna", "last_name": "Beck", "email": "hilllauren@example.net", "phone": "001-836-539-089"}}, {"model": "inventorymanager.customer", "pk": 15, "fields": {"first_name": "Jennifer", "last_name": "Brown", "email": "shanemcguire@example.net", "phone": "9352717510"}}, {"model": "inventorymanager.customer", "pk": 16, "fields": {"first_name": "Tracy", "last_name": "Roberts", "email": "kathleenwhite@example.net", "phone": "001-393-241-200"}}, {"model": "inventorymanager.customer", "pk": 17, "fields": {"first_name": "Erin", "last_name": "Mason", "email": "travisjeff@example.org", "phone": "+1-386-409-9114"}}, {"model": "inventorymanager.customer", "pk": 18, "fields": {"first_name": "Sarah", "last_name": "Carr", "email": "vaughnamy@example.com", "phone": "+1-888-494-2862"}}, {"model": "inventorymanager.customer", "pk": 19, "fields": {"first_name": "Jennifer", "last_name": "Jensen", "email": "ithompson@example.com", "phone": "240-486-0632x70"}}, {"model": "inventorymanager.customer", "pk": 20, "fields": {"first_name": "Kelly", "last_name": "Alvarez", "email": "yrodriguez@example.org", "phone": "001-293-653-817"}}, {"model": "inventorymanager.customer", "pk": 21, "fields": {"first_name": "Randy", "last_name": "Gonzalez", "email": "bayers@example.org", "phone": "001-912-218-608"}}, {"model": "inventorymanager.customer", "pk": 22, "fields": {"first_name": "Janet", "last_name": "Jackson", "email": "justinhale@example.org", "phone": "(318)660-6934"}}, {"model": "inventorymanager.product", "pk": 2, "fields": {"name": "MacBook 2021", "description": "16 RAM 256 Storage", "unit_cost": 850.0, "quantity_in_stock": 19, "category": 1, "supplier": 3}}, {"model": "inventorymanager.product", "pk": 4, "fields": {"name": "iPhone", "description": "2024 Model", "unit_cost": 1250.0, "quantity_in_stock": 1, "category": 1, "supplier": 2}}, {"model": "inventorymanager.product", "pk": 7, "fields": {"name": "4K LG Monitor", "description": "2024 Model", "unit_cost": 1500.0, "quantity_in_stock": 4, "category": 1, "supplier": 2}}, {"model": "inventorymanager.order", "pk": 2, "fields": {"created_at": "2024-09-12T13:52:46.619Z", "customer": 1}}, {"model": "inventorymanager.order", "pk": 3, "fields": {"created_at": "2024-09-12T13:54:07.736Z", "customer": 1}}, {"model": "inventorymanager.order", "pk": 4, "fields": {"created_at": "2024-05-14T00:00:00Z", "customer": 1}}, {"model": "inventorymanager.order", "pk": 5, "fields": {"created_at": "2024-09-12T17:49:01.821Z", "customer": 2}}, {"model": "inventorymanager.order", "pk": 7, "fields": {"created_at": "2024-09-13T12:06:54.839Z", "customer": 4}}, {"model": "inventorymanager.order", "pk": 8, "fields": {"created_at": "2024-09-13T12:23:23.207Z", "customer": 5}}, {"model": "inventorymanager.order", "pk": 9, "fields": {"created_at": "2024-09-13T12:30:15.485Z", "customer": 4}}, {"model": "inventorymanager.order", "pk": 11, "fields": {"created_at": "2024-09-15T13:31:56.009Z", "customer": 3}}, {"model": "inventorymanager.order", "pk": 35, "fields": {"created_at": "2024-06-20T00:00:00Z", "customer": 9}}, {"model": "inventorymanager.order", "pk": 44, "fields": {"created_at": "2024-09-22T00:00:00Z", "customer": 20}}, {"model": "inventorymanager.order", "pk": 45, "fields": {"created_at": "2024-09-22T00:00:00Z", "customer": 10}}, {"model": "inventorymanager.order", "pk": 46, "fields": {"created_at": "2024-09-24T00:00:00Z", "customer": 12}}, {"model": "inventorymanager.order", "pk": 47, "fields": {"created_at": "2024-09-18T00:00:00Z", "customer": 12}}, {"model": "inventorymanager.orderitem", "pk": 4, "fields": {"product": 2, "order": 4, "quantity": 1, "unit_price": "1250.00"}}, {"model": "inventorymanager.orderitem", "pk": 33, "fields": {"product": 7, "order": 35, "quantity": 1, "unit_price": "1750.00"}}, {"model": "inventorymanager.orderitem", "pk": 42, "fields": {"product": 4, "order": 44, "quantity": 5, "unit_price": "1350.00"}}, {"model": "inventorymanager.orderitem", "pk": 43, "fields": {"product": 2, "order": 45, "quantity": 1, "unit_price": "1150.00"}}, {"model": "inventorymanager.orderitem", "pk": 44, "fields": {"product": 4, "order": 46, "quantity": 8, "unit_price": "1350.00"}}, {"model": "inventorymanager.orderitem", "pk": 45, "fields": {"product": 2, "order": 47, "quantity": 2, "unit_price": "950.00"}}, {"model": "admin.logentry", "pk": 1, "fields": {"action_time": "2024-09-11T13:17:08.385Z", "user": 1, "content_type": 3, "object_id": "1", "object_repr": "Supplier name: ABC Ltd", "action_flag": 1, "change_message": "[{\"added\": {}}]"}}, {"model": "admin.logentry", "pk": 2, "fields": {"action_time": "2024-09-11T15:39:52.496Z", "user": 1, "content_type": 3, "object_id": "6", "object_repr": "Supplier name: Fashion ltd", "action_flag": 3, "change_message": ""}}, {"model": "admin.logentry", "pk": 3, "fields": {"action_time": "2024-09-11T15:39:52.496Z", "user": 1, "content_type": 3, "object_id": "5", "object_repr": "Supplier name: Fashion ltd", "action_flag": 3, "change_message": ""}}, {"model": "admin.logentry", "pk": 4, "fields": {"action_time": "2024-09-11T15:39:52.496Z", "user": 1, "content_type": 3, "object_id": "4", "object_repr": "Supplier name: Fashion ltd", "action_flag": 3, "change_message": ""}}, {"model": "admin.logentry", "pk": 5, "fields": {"action_time": "2024-09-11T16:10:23.780Z", "user": 1, "content_type": 3, "object_id": "7", "object_repr": "Supplier name: Fashion", "action_flag": 3, "change_message": ""}}, {"model": "admin.logentry", "pk": 6, "fields": {"action_time": "2024-09-11T16:55:50.285Z", "user": 1, "content_type": 1, "object_id": "1", "object_repr": "Category name: Electronics, description: Electronics", "action_flag": 1, "change_message": "[{\"added\": {}}]"}}, {"model": "admin.logentry", "pk": 7, "fields": {"action_time": "2024-09-11T16:56:31.984Z", "user": 1, "content_type": 5, "object_id": "1", "object_repr": "Product name: ASUS Laptop, description: 2024 Model", "action_flag": 1, "change_message": "[{\"added\": {}}]"}}, {"model": "admin.logentry", "pk": 8, "fields": {"action_time": "2024-09-12T12:26:07.533Z", "user": 1, "content_type": 4, "object_id": "1", "object_repr": "1", "action_flag": 1, "change_message": "[{\"added\": {}}]"}}, {"model": "admin.logentry", "pk": 9, "fields": {"action_time": "2024-09-12T12:26:28.232Z", "user": 1, "content_type": 6, "object_id": "1", "object_repr": "Product: ASUS Laptop, Order: 1", "action_flag": 1, "change_message": "[{\"added\": {}}]"}}, {"model": "admin.logentry", "pk": 10, "fields": {"action_time": "2024-09-12T13:31:06.274Z", "user": 1, "content_type": 4, "object_id": "1", "object_repr": "1", "action_flag": 3, "change_message": ""}}, {"model": "admin.logentry", "pk": 11, "fields": {"action_time": "2024-09-13T09:36:25.487Z", "user": 1, "content_type": 4, "object_id": "6", "object_repr": "6", "action_flag": 3, "change_message": ""}}, {"model": "admin.logentry", "pk": 12, "fields": {"action_time": "2024-09-13T12:34:09.969Z", "user": 1, "content_type": 6, "object_id": "7", "object_repr": "Product: Test123, Order: 7", "action_flag": 3, "change_message": ""}}, {"model": "admin.logentry", "pk": 13, "fields": {"action_time": "2024-09-13T12:34:18.245Z", "user": 1, "content_type": 5, "object_id": "3", "object_repr": "Test123", "action_flag": 3, "change_message": ""}}, {"model": "admin.logentry", "pk": 14, "fields": {"action_time": "2024-10-02T11:38:10.388Z", "user": 1, "content_type": 3, "object_id": "28", "object_repr": "Teacher project another mouth trip. Which mean thank course test. Resource make three question very when.", "action_flag": 3, "change_message": ""}}, {"model": "admin.logentry", "pk": 15, "fields": {"action_time": "2024-10-02T11:38:10.388Z", "user": 1, "content_type": 3, "object_id": "27", "object_repr": "News road reduce example business crime. Most usually share. Partner support board pick have phone weight.", "action_flag": 3, "change_message": ""}}, {"model": "admin.logentry", "pk": 16, "fields": {"action_time": "2024-10-02T11:38:10.388Z", "user": 1, "content_type": 3, "object_id": "26", "object_repr": "Smile form everybody attorney. Nearly here recently opportunity billion ok there.\nWay claim authority. Just candidate war ready leader.", "action_flag": 3, "change_message": ""}}, {"model": "admin.logentry", "pk": 17, "fields": {"action_time": "2024-10-02T11:38:10.388Z", "user": 1, "content_type": 3, "object_id": "25", "object_repr": "Number physical international poor note try. Student chance table final center. Moment decade material mind girl truth student new.", "action_flag": 3, "change_message": ""}}, {"model": "admin.logentry", "pk": 18, "fields": {"action_time": "2024-10-02T11:38:10.388Z", "user": 1, "content_type": 3, "object_id": "24", "object_repr": "Popular real such some type live view. Also policy energy teach.", "action_flag": 3, "change_message": ""}}, {"model": "admin.logentry", "pk": 19, "fields": {"action_time": "2024-10-02T11:38:10.388Z", "user": 1, "content_type": 3, "object_id": "22", "object_repr": "Plan maybe life guess east. Wrong themselves quite feeling buy subject thus.\nDecide here painting seat.", "action_flag": 3, "change_message": ""}}, {"model": "admin.logentry", "pk": 20, "fields": {"action_time": "2024-10-02T11:38:10.388Z", "user": 1, "content_type": 3, "object_id": "21", "object_repr": "Set lawyer everyone claim. Dog president she environment election.", "action_flag": 3, "change_message": ""}}, {"model": "admin.logentry", "pk": 21, "fields": {"action_time": "2024-10-02T11:38:10.388Z", "user": 1, "content_type": 3, "object_id": "20", "object_repr": "Television wrong whatever letter cultural area. Eight drug beyond street its.", "action_flag": 3, "change_message": ""}}, {"model": "admin.logentry", "pk": 22, "fields": {"action_time": "2024-10-02T11:38:10.388Z", "user": 1, "content_type": 3, "object_id": "19", "object_repr": "Tax property discuss parent. Leave into blood believe art sometimes rock. Wall back still wear significant she effect.", "action_flag": 3, "change_message": ""}}, {"model": "admin.logentry", "pk": 23, "fields": {"action_time": "2024-10-02T11:38:10.388Z", "user": 1, "content_type": 3, "object_id": "18", "object_repr": "Eight low total argue politics very yeah success. Win simply discover improve. Study sometimes nature color probably dog feeling.", "action_flag": 3, "change_message": ""}}, {"model": "admin.logentry", "pk": 24, "fields": {"action_time": "2024-10-02T11:38:10.388Z", "user": 1, "content_type": 3, "object_id": "15", "object_repr": "Model a through hundred experience. Join space few build.\nIndeed natural himself themselves cover democratic what.", "action_flag": 3, "change_message": ""}}, {"model": "admin.logentry", "pk": 25, "fields": {"action_time": "2024-10-02T11:38:10.388Z", "user": 1, "content_type": 3, "object_id": "13", "object_repr": "Human consumer run security. Future per significant generation trip medical know necessary.", "action_flag": 3, "change_message": ""}}, {"model": "admin.logentry", "pk": 26, "fields": {"action_time": "2024-10-02T11:38:10.388Z", "user": 1, "content_type": 3, "object_id": "12", "object_repr": "Hope sound article clearly piece. Recent degree simply act power mind subject. Free nearly know use little hundred watch.", "action_flag": 3, "change_message": ""}}, {"model": "admin.logentry", "pk": 27, "fields": {"action_time": "2024-10-02T11:38:10.388Z", "user": 1, "content_type": 3, "object_id": "11", "object_repr": "Paper before strategy establish PM letter.\nLetter interview left paper claim. Draw very really speech. Girl method hear into.", "action_flag": 3, "change_message": ""}}, {"model": "admin.logentry", "pk": 28, "fields": {"action_time": "2024-10-02T11:38:10.388Z", "user": 1, "content_type": 3, "object_id": "10", "object_repr": "Window conference call moment notice week however. Ever government that. Sea evening our career wait nearly.", "action_flag": 3, "change_message": ""}}, {"model": "admin.logentry", "pk": 29, "fields": {"action_time": "2024-10-02T11:38:10.388Z", "user": 1, "content_type": 3, "object_id": "9", "object_repr": "Rule sea style human notice bring. Television article tree.", "action_flag": 3, "change_message": ""}}, {"model": "admin.logentry", "pk": 30, "fields": {"action_time": "2024-10-02T11:38:10.388Z", "user": 1, "content_type": 3, "object_id": "8", "object_repr": "Dolce and Gabbana", "action_flag": 3, "change_message": ""}}, {"model": "admin.logentry", "pk": 31, "fields": {"action_time": "2024-10-02T11:39:07.040Z", "user": 1, "content_type": 1, "object_id": "22", "object_repr": "My New Category", "action_flag": 3, "change_message": ""}}, {"model": "admin.logentry", "pk": 32, "fields": {"action_time": "2024-10-02T11:39:07.040Z", "user": 1, "content_type": 1, "object_id": "21", "object_repr": "Low hot near buy guess generation. Baby push early kid eight may. Agency visit drug push entire entire enter pattern.", "action_flag": 3, "change_message": ""}}, {"model": "admin.logentry", "pk": 33, "fields": {"action_time": "2024-10-02T11:39:07.040Z", "user": 1, "content_type": 1, "object_id": "19", "object_repr": "More performance general free miss. Hotel idea player success yes final. Than case magazine some decade without.", "action_flag": 3, "change_message": ""}}, {"model": "admin.logentry", "pk": 34, "fields": {"action_time": "2024-10-02T11:39:07.040Z", "user": 1, "content_type": 1, "object_id": "18", "object_repr": "Particular collection sea she half. Activity threat south when stage.", "action_flag": 3, "change_message": ""}}, {"model": "admin.logentry", "pk": 35, "fields": {"action_time": "2024-10-02T11:39:07.040Z", "user": 1, "content_type": 1, "object_id": "17", "object_repr": "Soldier left perform. Can real again these. Drug fine way prepare difference.", "action_flag": 3, "change_message": ""}}, {"model": "admin.logentry", "pk": 36, "fields": {"action_time": "2024-10-02T11:39:07.040Z", "user": 1, "content_type": 1, "object_id": "16", "object_repr": "Establish hope thus worry civil process indicate. Need likely than stand feel.", "action_flag": 3, "change_message": ""}}, {"model": "admin.logentry", "pk": 37, "fields": {"action_time": "2024-10-02T11:39:07.040Z", "user": 1, "content_type": 1, "object_id": "15", "object_repr": "Hard field best. Blue finally operation nice. Rock tax process group whatever may. Nor similar side memory nation factor.", "action_flag": 3, "change_message": ""}}, {"model": "admin.logentry", "pk": 38, "fields": {"action_time": "2024-10-02T11:39:07.040Z", "user": 1, "content_type": 1, "object_id": "14", "object_repr": "Sense set future enter increase indicate PM successful. May organization must far performance. Lay wind scientist red build size.", "action_flag": 3, "change_message": ""}}, {"model": "admin.logentry", "pk": 39, "fields": {"action_time": "2024-10-02T11:39:07.040Z", "user": 1, "content_type": 1, "object_id": "13", "object_repr": "Part artist discussion participant generation clearly attorney baby.", "action_flag": 3, "change_message": ""}}, {"model": "admin.logentry", "pk": 40, "fields": {"action_time": "2024-10-02T11:39:07.040Z", "user": 1, "content_type": 1, "object_id": "12", "object_repr": "Responsibility step in red. Large cut nothing bring.", "action_flag": 3, "change_message": ""}}, {"model": "admin.logentry", "pk": 41, "fields": {"action_time": "2024-10-02T11:39:07.040Z", "user": 1, "content_type": 1, "object_id": "11", "object_repr": "Benefit also middle station contain federal surface.\nElse window attack approach. Figure recent rest light white.", "action_flag": 3, "change_message": ""}}, {"model": "admin.logentry", "pk": 42, "fields": {"action_time": "2024-10-02T11:39:07.040Z", "user": 1, "content_type": 1, "object_id": "10", "object_repr": "Order practice husband building keep north. Scene she easy physical. Now crime general worker line.", "action_flag": 3, "change_message": ""}}, {"model": "admin.logentry", "pk": 43, "fields": {"action_time": "2024-10-02T11:39:07.040Z", "user": 1, "content_type": 1, "object_id": "9", "object_repr": "Tell case what west PM. Soon operation stock whole.", "action_flag": 3, "change_message": ""}}, {"model": "admin.logentry", "pk": 44, "fields": {"action_time": "2024-10-02T11:39:07.040Z", "user": 1, "content_type": 1, "object_id": "8", "object_repr": "While number view home girl. Parent seem service guy country investment interview.", "action_flag": 3, "change_message": ""}}, {"model": "admin.logentry", "pk": 45, "fields": {"action_time": "2024-10-02T11:39:07.040Z", "user": 1, "content_type": 1, "object_id": "7", "object_repr": "Thousand course buy per street economy. More real computer lay beyond change add. Professional maybe religious sister course thus.", "action_flag": 3, "change_message": ""}}, {"model": "admin.logentry", "pk": 46, "fields": {"action_time": "2024-10-02T11:39:07.040Z", "user": 1, "content_type": 1, "object_id": "6", "object_repr": "Amount fear three very music. Structure health current force music send nor factor. Me situation compare red lose thank dog occur.", "action_flag": 3, "change_message": ""}}, {"model": "admin.logentry", "pk": 47, "fields": {"action_time": "2024-10-02T11:39:07.040Z", "user": 1, "content_type": 1, "object_id": "5", "object_repr": "Build late themselves ten. Remember middle final hope television full serve. Police whatever fly.", "action_flag": 3, "change_message": ""}}, {"model": "admin.logentry", "pk": 48, "fields": {"action_time": "2024-10-02T11:39:07.040Z", "user": 1, "content_type": 1, "object_id": "4", "object_repr": "Industry interesting story cause wide require. Exist water street computer strategy start.", "action_flag": 3, "change_message": ""}}, {"model": "admin.logentry", "pk": 49, "fields": {"action_time": "2024-10-02T11:39:07.040Z", "user": 1, "content_type": 1, "object_id": "2", "object_repr": "Pay both official while show news. For push almost fill view fly seem. Training wall education modern name.", "action_flag": 3, "change_message": ""}}, {"model": "auth.user", "pk": 1, "fields": {"password": "pbkdf2_sha256$870000$hKWLWKnF7b6zQqnN7sH0aQ$xGs2ZeglzAf7fYr/ds85KJFRj5XwwJJz4yxhf5drbSQ=", "last_login": "2024-10-02T11:36:09.649Z", "is_superuser": true, "username": "giuseppe", "first_name": "", "last_name": "", "email": "", "is_staff": true, "is_active": true, "date_joined": "2024-09-10T16:13:11.855Z", "groups": [], "user_permissions": []}}, {"model": "sessions.session", "pk": "8hb530vq43da9ngbj4lrrpnx4xom155z", "fields": {"session_data": ".eJxVjEEOwiAQRe_C2hCgAwWX7j0DGZipVA0kpV0Z765NutDtf-_9l4i4rSVunZc4kzgLLU6_W8L84LoDumO9NZlbXZc5yV2RB-3y2oifl8P9OyjYy7c2blIW2LMNZIdsQIGbaNCMgE45E_yAyasRPAXtbAAOpEaf2TLkZJV4fwDDkTcj:1stnIN:s4akPnInOAoca2gKlXoeGfcHN4N0iEvLOptSoVDctdw", "expire_date": "2024-10-10T12:08:31.423Z"}}, {"model": "sessions.session", "pk": "g71zzki6d9e0nf4l0ph8xwp66ya79ewz", "fields": {"session_data": ".eJxVjEEOwiAQRe_C2hCgAwWX7j0DGZipVA0kpV0Z765NutDtf-_9l4i4rSVunZc4kzgLLU6_W8L84LoDumO9NZlbXZc5yV2RB-3y2oifl8P9OyjYy7c2blIW2LMNZIdsQIGbaNCMgE45E_yAyasRPAXtbAAOpEaf2TLkZJV4fwDDkTcj:1svxeL:hNYFkxchrYEZn9hYvLmrDGXltf6EKq-QXG6en7AcYSU", "expire_date": "2024-10-16T11:36:09.651Z"}}, {"model": "sessions.session", "pk": "i7v9e2bashlu5s478k85nhweq1yq1r2i", "fields": {"session_data": ".eJxVjEEOwiAQRe_C2hCgAwWX7j0DGZipVA0kpV0Z765NutDtf-_9l4i4rSVunZc4kzgLLU6_W8L84LoDumO9NZlbXZc5yV2RB-3y2oifl8P9OyjYy7c2blIW2LMNZIdsQIGbaNCMgE45E_yAyasRPAXtbAAOpEaf2TLkZJV4fwDDkTcj:1so3YT:KmBhdQFnvzOU_bleF3nds5lMjTK39HgklPm7agMbaaI", "expire_date": "2024-09-24T16:17:25.537Z"}}]